Workbook

Sheet Integrated Data Set
C1: US Census | F1: Influenza Deaths | I1: Normalization population | K1: Normalization Influenza Death
A2: State | B2: Year | C2: (0-64 years) | D2: (65+ years) | E2: total population | F2: (0-64 years) | G2: (65+ years) | H2: Total Deaths | I2: (0-64 years) | J2: (65+ years) | K2: (0-64 years) | L2: (65+ years) | M2: Total death rate
A3: Vermont | B3: 2016 | C3: 417526.63 | D3: 84887.737 | E3: 502438 | F3: 441 | G3: 156 | H3: 597 | I3: =C3/E3 -> 0.8310013 | J3: =D3/E3 -> 0.16895167 | K3: =F3/E3 -> 0.00087772024 | L3: =G3/E3 -> 0.00031048607 | M3: =H3/E3 -> 0.0011882063
A4: Wyoming | B4: 2016 | C4: 419156.46 | D4: 71203.47 | E4: 490148 | F4: 447 | G4: 171 | H4: 618 | I4: =C4/E4 -> 0.85516306 | J4: =D4/E4 -> 0.14526933 | K4: =F4/E4 -> 0.00091196945 | L4: =G4/E4 -> 0.00034887422 | M4: =H4/E4 -> 0.0012608437
A5: Vermont | B5: 2014 | C5: 424929.73 | D5: 77154.661 | E5: 501606 | F5: 421 | G5: 167 | H5: 588 | I5: =C5/E5 -> 0.84713845 | J5: =D5/E5 -> 0.15381527 | K5: =F5/E5 -> 0.00083930416 | L5: =G5/E5 -> 0.00033293063 | M5: =H5/E5 -> 0.0011722348
A6: Wyoming | B6: 2013 | C6: 435506.01 | D6: 63655.091 | E6: 498694 | F6: 406 | G6: 161 | H6: 567 | I6: =C6/E6 -> 0.87329307 | J6: =D6/E6 -> 0.12764359 | K6: =F6/E6 -> 0.0008141265 | L6: =G6/E6 -> 0.00032284327 | M6: =H6/E6 -> 0.0011369698
A7: Wyoming | B7: 2015 | C7: 438481.27 | D7: 72042.31 | E7: 510198 | F7: 415 | G7: 175 | H7: 590 | I7: =C7/E7 -> 0.85943353 | J7: =D7/E7 -> 0.14120461 | K7: =F7/E7 -> 0.0008134097 | L7: =G7/E7 -> 0.00034300409 | M7: =H7/E7 -> 0.0011564138
A8: Vermont | B8: 2013 | C8: 453843.13 | D8: 79623.159 | E8: 533260 | F8: 394 | G8: 150 | H8: 544 | I8: =C8/E8 -> 0.85107289 | J8: =D8/E8 -> 0.14931395 | K8: =F8/E8 -> 0.00073885159 | L8: =G8/E8 -> 0.00028128868 | M8: =H8/E8 -> 0.0010201403
A9: Wyoming | B9: 2009 | C9: 457102.01 | D9: 62485.84 | E9: 519426 | F9: 431 | G9: 165 | H9: 596 | I9: =C9/E9 -> 0.88001373 | J9: =D9/E9 -> 0.12029787 | K9: =F9/E9 -> 0.00082976208 | L9: =G9/E9 -> 0.00031765834 | M9: =H9/E9 -> 0.0011474204
A10: Wyoming | B10: 2017 | C10: 465297 | D10: 76396 | E10: 541693 | F10: 398 | G10: 167 | H10: 565 | I10: =C10/E10 -> 0.85896809 | J10: =D10/E10 -> 0.14103191 | K10: =F10/E10 -> 0.00073473351 | L10: =G10/E10 -> 0.0003082927 | M10: =H10/E10 -> 0.0010430262
A11: Wyoming | B11: 2011 | C11: 467172.51 | D11: 63960.85 | E11: 530679 | F11: 464 | G11: 194 | H11: 658 | I11: =C11/E11 -> 0.88032974 | J11: =D11/E11 -> 0.12052644 | K11: =F11/E11 -> 0.00087435154 | L11: =G11/E11 -> 0.00036556939 | M11: =H11/E11 -> 0.0012399209
A12: Wyoming | B12: 2010 | C12: 468380.49 | D12: 69161.872 | E12: 537671 | F12: 403 | G12: 154 | H12: 557 | I12: =C12/E12 -> 0.87112843 | J12: =D12/E12 -> 0.12863233 | K12: =F12/E12 -> 0.00074952899 | L12: =G12/E12 -> 0.00028642051 | M12: =H12/E12 -> 0.0010359495
A13: Wyoming | B13: 2014 | C13: 471726 | D13: 69862.421 | E13: 541702 | F13: 422 | G13: 188 | H13: 610 | I13: =C13/E13 -> 0.87082197 | J13: =D13/E13 -> 0.12896836 | K13: =F13/E13 -> 0.00077902611 | L13: =G13/E13 -> 0.00034705428 | M13: =H13/E13 -> 0.0011260804
A14: Vermont | B14: 2012 | C14: 474106.53 | D14: 82794.581 | E14: 556475 | F14: 439 | G14: 141 | H14: 580 | I14: =C14/E14 -> 0.85198172 | J14: =D14/E14 -> 0.14878401 | K14: =F14/E14 -> 0.00078889438 | L14: =G14/E14 -> 0.00025338066 | M14: =H14/E14 -> 0.001042275
... A461: California | B461: 2016 | C461: 33617095 | D461: 4959017.1 | E461: 38572021 | F461: 1032 | G461: 5085 | H461: 6117 | I461: =C461/E461 -> 0.87154092 | J461: =D461/E461 -> 0.12856514 | K461: =F461/E461 -> 2.6755145e-05 | L461: =G461/E461 -> 0.00013183131 | M461: =H461/E461 -> 0.00015858645
C462: =AVERAGE(C3:C461) -> 5167038.5 | D462: =AVERAGE(D3:D461) -> 806988.94
C463: =_xlfn.STDEV.S(C3:C462) -> 5938164.3 | D463: =_xlfn.STDEV.S(D3:D462) -> 886050.42

Sheet Statistical Analysis
A1: Hypothesis: | C1: If the size of the vulnerable population (patient is older than 65 years old) increases, then the risk of mortality increases.
A2: DATA SPREAD
B3: US Census | E3: Influenza Deaths
B4: (0-64 years) | C4: (65+ years) | D4: total population | E4: (0-64 years) | F4: (65+ years) | G4: total deaths
A5: Dataset Name | B5: Integrated Data Set | C5: Integrated Data Set | D5: Integrated Data Set | E5: Integrated Data Set | F5: Integrated Data Set | G5: Integrated Data Set
A6: Sample or Population | B6: Population | C6: Population | D6: Population | E6: Population | F6: Sample | G6: Sample
A7: Mean | B7: =AVERAGE('Integrated Data Set'!C3:C461) -> 5167038.5 | C7: =AVERAGE('Integrated Data Set'!D3:D461) -> 806988.94 | D7: =AVERAGE('Integrated Data Set'!E3:E461) -> 5973848.7 | E7: =AVERAGE('Integrated Data Set'!F3:F461) -> 490.3159 | F7: =AVERAGE('Integrated Data Set'!G3:G461) -> 890.33115 | G7: =AVERAGE('Integrated Data Set'!H3:H461) -> 1380.6471
A8: Median | B8: =MEDIAN('Integrated Data Set'!C3:C461) -> 3537210.5 | C8: =MEDIAN('Integrated Data Set'!D3:D461) -> 546937.88 | D8: =MEDIAN('Integrated Data Set'!E3:E461) -> 4079507 | E8: =MEDIAN('Integrated Data Set'!F3:F461) -> 454 | F8: =MEDIAN('Integrated Data Set'!G3:G461) -> 579 | G8: =MEDIAN('Integrated Data Set'!H3:H461) -> 1010
A9: Distribution | B9: Normal Distribution | C9: Normal Distribution | D9: Normal Distribution | E9: Normal Distribution | F9: Normal Distribution | G9: Normal Distribution
A10: Variance | B10: =_xlfn.VAR.P('Integrated Data Set'!C3:C461) -> 3.5261795e+13 | C10: =_xlfn.VAR.P('Integrated Data Set'!D3:D461) -> 7.8508534e+11 | D10: =_xlfn.VAR.P('Integrated Data Set'!E3:E461) -> 4.6231461e+13 | E10: =_xlfn.VAR.S('Integrated Data Set'!F3:F461) -> 15268.042 | F10: =_xlfn.VAR.S('Integrated Data Set'!G3:G461) -> 951949.2 | G10: =_xlfn.VAR.S('Integrated Data Set'!H3:H461) -> 1181920.6
A11: Standard Deviation | B11: =_xlfn.STDEV.P('Integrated Data Set'!C3:C461) -> 5938164.3 | C11: =_xlfn.STDEV.P('Integrated Data Set'!D3:D461) -> 886050.42 | D11: =_xlfn.STDEV.P('Integrated Data Set'!E3:E461) -> 6799372.1 | E11: =_xlfn.STDEV.S('Integrated Data Set'!F3:F461) -> 123.56392 | F11: =_xlfn.STDEV.S('Integrated Data Set'!G3:G461) -> 975.67884 | G11: =_xlfn.STDEV.S('Integrated Data Set'!H3:H461) -> 1087.1617
A12: Two Standard Deviations | B12: =(B7-(2*B11)) -> -6709290.1 | C12: =(C7-(2*C11)) -> -965111.89 | D12: =(D7-(2*D11)) -> -7624895.6 | E12: =(E7-(2*E11)) -> 243.18807 | F12: =(F7-(2*F11)) -> -1061.0265 | G12: =(G7-(2*G11)) -> -793.67634
B13: =(B7+(2*B11)) -> 17043367 | C13: =(C7+(2*C11)) -> 2579089.8 | D13: =(D7+(2*D11)) -> 19572593 | E13: =(E7+(2*E11)) -> 737.44374 | F13: =(F7+(2*F11)) -> 2841.6888 | G13: =(G7+(2*G11)) -> 3554.9705
A14: Outlier Counts | B14: =COUNTIF('Integrated Data Set'!C3:C461,"<"&B12)+COUNTIF('Integrated Data Set'!C3:C461,">"&B13) -> 18 | C14: =COUNTIF('Integrated Data Set'!D3:D461,"<"&C12)+COUNTIF('Integrated Data Set'!D3:D461,">"&C13) -> 30 | D14: =COUNTIF('Integrated Data Set'!E3:E461,"<"&D12)+COUNTIF('Integrated Data Set'!E3:E461,">"&D13) -> 22 | E14: =COUNTIF('Integrated Data Set'!F3:F461,"<"&E12)+COUNTIF('Integrated Data Set'!F3:F461,">"&E13) -> 27 | F14: =COUNTIF('Integrated Data Set'!G3:G461,"<"&F12)+COUNTIF('Integrated Data Set'!G3:G461,">"&F13) -> 18 | G14: =COUNTIF('Integrated Data Set'!H3:H461,"<"&G12)+COUNTIF('Integrated Data Set'!H3:H461,">"&G13) -> 19
A15: Outlier Percentage | B15: =B14/COUNT('Integrated Data Set'!C3:C461) -> 0.039215686 | C15: =C14/COUNT('Integrated Data Set'!D3:D461) -> 0.065359477 | D15: =D14/COUNT('Integrated Data Set'!E3:E461) -> 0.047930283 | E15: =E14/COUNT('Integrated Data Set'!F3:F461) -> 0.058823529 | F15: =F14/COUNT('Integrated Data Set'!G3:G461) -> 0.039215686 | G15: =G14/COUNT('Integrated Data Set'!H3:H461) -> 0.041394336
A16: CORRELATION
A17: Variables | B17: vulnerable population (65+ years) - Total Deaths
A18: Proposed Relationship | B18: when the population increases, the deaths increases.
A19: Correlation Coefficient | B19: =CORREL('Integrated Data Set'!D3:D461,'Integrated Data Set'!H3:H461) -> 0.94370665
A20: Strenght of Correlation | B20: strong positive correlation
A21: Usefulness / Interpretation | B21: The vulnerable population (65+) have a high influenza death rate.
